[{"model": "issues.status", "pk": 1, "fields": {"name": "New"}}, {"model": "issues.status", "pk": 2, "fields": {"name": "In Progress"}}, {"model": "issues.status", "pk": 3, "fields": {"name": "Done"}}, {"model": "issues.type", "pk": 1, "fields": {"name": "Task"}}, {"model": "issues.type", "pk": 2, "fields": {"name": "Bug"}}, {"model": "issues.type", "pk": 3, "fields": {"name": "Enhancement"}}, {"model": "issues.issue", "pk": 1, "fields": {"summary": "Задача1", "description": "Задача1", "status": 1, "type": 1, "created_at": "2025-07-10T18:17:31.266Z", "updated_at": "2025-07-10T18:17:31.266Z"}}, {"model": "issues.issue", "pk": 2, "fields": {"summary": "Задача2", "description": "Задача2", "status": 2, "type": 1, "created_at": "2025-07-10T18:17:52.917Z", "updated_at": "2025-07-10T18:17:52.917Z"}}, {"model": "issues.issue", "pk": 3, "fields": {"summary": "Ошибка1", "description": "Ошибка1", "status": 3, "type": 2, "created_at": "2025-07-10T18:18:11.987Z", "updated_at": "2025-07-10T18:18:11.987Z"}}, {"model": "issues.issue", "pk": 4, "fields": {"summary": "Ошибка2", "description": "Ошибка2", "status": 2, "type": 2, "created_at": "2025-07-10T18:18:32.399Z", "updated_at": "2025-07-10T18:18:32.399Z"}}, {"model": "issues.issue", "pk": 5, "fields": {"summary": "Улучшение1", "description": "Улучшение1", "status": 2, "type": 3, "created_at": "2025-07-10T18:19:33.824Z", "updated_at": "2025-07-10T18:19:33.824Z"}}, {"model": "issues.issue", "pk": 6, "fields": {"summary": "Улучшение2", "description": "Улучшение2", "status": 2, "type": 3, "created_at": "2025-07-10T18:19:55.417Z", "updated_at": "2025-07-10T18:19:55.417Z"}}]